first_name;last_name;age;is_active
Forest;Newcom;21;true
Norbie;Dewicke;410;true
Ivie;Openshaw;4415;true
Ricca;Rickcord;194;true
Patti;Mahody;1886;true
Melinde;Grzesiewicz;2890;true
Jacklyn;Bondar;160;true
Ryann;Neising;282;true
Emilio;Dat;75;true
Gilbertina;Perigeaux;10;true
Gustav;Camilio;656;true
Aggy;Gullick;1285;true
Gabriella;Boness;15;true
Mariana;Grove;63;true
Aube;Bassil;950;true
Nina;Woodroofe;625;true
Kalinda;Pasek;3412;true
Tara;Cherrison;1720;true
Clarie;Goford;266;true
Cesare;Shelvey;1197;true
Milly;Eckhard;459;true
Biddy;Durnall;459;true
Crysta;Pressnell;1027;true
Joye;Hruska;55;true
Ursulina;Llop;7285;true
Jodi;Joy;25;true
Gwenore;Vile;25;true
Marisa;Argue;25;true
Tish;Wigelsworth;25;true
Sindee;Duran;25;true
Christoph;Vicker;25;true
Huntlee;Stannislawski;25;true
Karylin;Jakel;25;true
Emanuel;Tison;25;true
Man;Gowen;25;true
Robinet;OIlier;25;true
Ag;Haggeth;25;true
Galina;Fulham;25;true
Ophelia;Pickburn;25;true
Benn;Edgerton;25;true
Darcy;Jerrom;25;true
Marinna;O'Lennachain;25;true
Milissent;Rowcliffe;25;true
Ethe;Lewington;25;true
Waverley;Dukelow;25;true
Kriste;Stubley;25;true
Haily;Sorro;25;true
Venus;Lowson;25;true
Kimbra;Whatson;25;true
Nelson;Caldecourt;25;true
Ellie;Mayston;25;true
Sharron;Kores;25;true
Kippar;Elies;25;true
Mirabelle;Hassin;25;true
Jody;Shwalbe;25;true
Otis;Chrippes;25;true
Korry;Lattin;25;true
Zacharie;Beamish;25;true
Brander;Few;25;true
Alexina;Dryburgh;25;true
Randi;Sweatman;25;true
Kris;Frances;25;true
Jae;Minghi;25;true
Alejoa;Mehaffey;25;true
Christin;Housiaux;25;true
Frederich;Hatherleigh;25;true
Alfy;Boutell;25;true
Audre;Valance;25;true
Desirae;Cranch;25;true
Bing;Scholes;25;true
Upton;Sjostrom;25;true
Flore;Fargie;25;true
Milli;Stobo;25;true
Liuka;McVittie;25;true
Ferrell;Spinello;25;true
Hattie;Kehir;25;true
Jessika;Kleinhandler;25;true
Denny;Gulliver;25;true
Shaw;MacTrusty;25;true
Anett;Boldero;25;true
Carolyne;Skillern;25;true
Willabella;Sallis;25;true
Vin;Kezourec;25;true
Brietta;Freiberg;25;true
Paton;Maund;25;true
Idalina;Teffrey;25;true
Norrie;Worsalls;25;true
Pace;Donahue;25;true
Parke;Overill;25;true
Rudyard;Karpets;25;true
Jacki;Eckford;25;true
Alasteir;Raulin;25;true
Codi;Colborn;25;true
Ringo;Allington;25;true
Robyn;Perrington;25;true
Merell;Prene;25;true
Kimmie;Bollom;25;true
Brooke;Badder;25;true
Shayla;Caldeyroux;25;true
Teddie;Wright;25;true
Richard;Harlett;25;true
Truda;Sommerlin;25;true
Camellia;Catchpole;25;true
Guntar;Alabaster;25;true
Nickola;Osbiston;25;true
Bobina;Rudland;25;true
Jo;Colaco;25;true
Johnnie;Paffett;25;true
Ilsa;Smaridge;25;true
Lindsay;Jurgen;25;true
Janean;Reisen;25;true
Marshal;Abby;25;true
Carson;Wyche;25;true
Weston;Hambridge;25;true
Alexio;Capeloff;25;true
Marcile;Van Geffen;25;true
Madel;Maudett;25;true
Min;Jinda;25;true
Hendrick;Balmadier;25;true
Rosaleen;Armsden;25;true
Timmy;Brikner;25;true
Horatio;Edy;25;true
Jan;Yokelman;25;true
Hadlee;Norwood;25;true
Teirtza;Giraudo;25;true
Billie;De Blasio;25;true
Smitty;Hillatt;25;true
Zackariah;Kleinhausen;25;true
Tanya;Bladge;25;true
Taffy;Urey;25;true
Eveline;Oakenfall;25;true
Mariejeanne;Roddick;25;true
Eloisa;Boud;25;true
Javier;Paskerful;25;true
Sandye;Klossek;25;true
Eduard;de Tocqueville;25;true
Sergeant;MacCaughey;25;true
Agustin;Rashleigh;25;true
Hussein;Ragat;25;true
Vail;Walczynski;25;true
Alvan;Turfus;25;true
Bard;Dumsday;25;true
Jori;Spurrier;25;true
Theda;Lattimore;25;true
Guenna;Shortt;25;true
Ame;Dear;25;true
Justinn;Rixon;25;true
Emalee;Pendall;25;true
Margarethe;Kennon;25;true
Jecho;Faulkener;25;true
Binni;Betterton;25;true
Chuck;Pittendreigh;25;true
Griffin;Gipps;25;true
Athene;Sulley;25;true
Reilly;Volcker;25;true
Pen;Baynard;25;true
Lavina;Belsham;25;true
Shawna;Backshall;25;true
Gisella;Lamerton;25;true
Iorgos;Elstob;25;true
Shannen;Harome;25;true
Hugh;Baglin;25;true
Archy;Andriuzzi;25;true
Delmer;Stoddard;25;true
Allene;Averay;25;true
Austen;Banishevitz;25;true
Ingra;MacKaig;25;true
Truda;Coleman;25;true
Currey;Pyper;25;true
Malachi;Feander;25;true
Cris;Neligan;25;true
Windham;Atlee;25;true
Ruprecht;Reimer;25;true
Massimiliano;Waszkiewicz;25;true
Ingeborg;Vickerman;25;true
Ethyl;Hubbert;25;true
Eal;MacCaull;25;true
Kellby;Speir;25;true
Myranda;Cordet;25;true
Birdie;Lukehurst;25;true
Elisha;Sapp;25;true
Ritchie;Gillice;25;true
Holden;Espina;25;true
Catie;Kettlesting;25;true
Carlene;MacQueen;25;true
Carla;Brennans;25;true
Myrle;Corbet;25;true
Flinn;Tulleth;25;true
Angelique;Goede;25;true
Idelle;Fend;25;true
Erv;Charrisson;25;true
Oliviero;Beazey;25;true
Allegra;Saurat;25;true
Editha;Bernt;25;true
Robbert;Vane;25;true
Ortensia;Fort;25;true
Garek;Paoloni;25;true
Mae;Yukhnin;25;true
Brittne;Louden;25;true
Woodie;Shoesmith;25;true
Ingemar;Alekseicik;25;true
Humbert;Cheater;25;true
Consuelo;Larkings;25;true
Mickie;Manston;25;true
Kimberli;Novic;25;true
Currey;Peddersen;25;true
Giuditta;McInulty;25;true
Grace;Iscowitz;25;true
Celestia;ducarme;25;true
Mirabella;Cheesman;25;true
Mavra;Merry;25;true
Corissa;Folling;25;true
Cynthia;Petyt;25;true
Alyss;Lafay;25;true
Antonio;Wilde;25;true
Averill;Derell;25;true
Johnnie;Burren;25;true
Terri-jo;Hobble;25;true
Madelon;Bane;25;true
Garth;Glasman;25;true
Mallory;Clewley;25;true
Walsh;Dowtry;25;true
Inez;Thame;25;true
Wini;Roze;25;true
Lynnet;Blabey;25;true
Linnie;Greenshiels;25;true
Kattie;Weinmann;25;true
Thoma;Wenman;25;true
Rollin;Haward;25;true
West;Benoiton;25;true
Bianca;Coulling;25;true
Ajay;Ewington;25;true
Candide;Jone;25;true
Olwen;Akam;25;true
Alexi;O'Neal;25;true
Kristyn;Blakes;25;true
Livvyy;Reye;25;true
Samson;Trevallion;25;true
Lothario;Jelfs;25;true
Amos;Gerding;25;true
Tyrus;Sarten;25;true
Chaddie;Deeble;25;true
Nobe;Eronie;25;true
Marlow;Antowski;25;true
Adah;Manske;25;true
Constantina;Redmayne;25;true
Gail;Larwell;25;true
Corty;Aleksidze;25;true
Lawry;Anchor;25;true
Zola;Couling;25;true
Jodi;Klewer;25;true
Aluino;Ortiga;25;true
Mira;McLevie;25;true
Cristabel;Lanahan;25;true
Pate;McGreary;25;true
Georas;Abbey;25;true
Palm;Shimmings;25;true
Bobina;Dimmick;25;true
Arthur;Meekin;25;true
Gerta;Goldstraw;25;true
Hildy;Hazeldean;25;true
Tiffanie;MacKall;25;true
Brigitta;Reddings;25;true
Bing;Heigho;25;true
Dolph;Burchatt;25;true
Pascale;Fahrenbach;25;true
Gard;Lilian;25;true
Karlens;Capps;25;true
Cathryn;Taberer;25;true
Anne-marie;Klaassens;25;true
Denney;Mellenby;25;true
Jackie;Marling;25;true
Ellyn;Lanahan;25;true
Northrop;MacCourt;25;true
Torrie;McGiveen;25;true
Rhoda;Hissie;25;true
Feliks;Pund;25;true
Geraldine;Bilbrey;25;true
Munroe;Lauga;25;true
Melita;Nettleship;25;true
Ashlan;McCowen;25;true
Rutledge;Swannie;25;true
Arvy;Thoumas;25;true
Marlin;Mower;25;true
Nelia;Fitzharris;25;true
Aluin;Yeulet;25;true
Marge;Di Bernardo;25;true
Gussie;Cringle;25;true
Christos;Stockall;25;true
Row;Smallpeice;25;true
Frasquito;Loftie;25;true
Veronica;Alwood;25;true
Prue;Feek;25;true
Flossi;Omand;25;true
Aile;Illston;25;true
Alexandr;Bullocke;25;true
Skip;Simonazzi;25;true
Oralie;Arsey;25;true
Zaccaria;Coche;25;true
Carissa;Lanegran;25;true
Gavra;Hayfield;25;true
Arnold;Ealam;25;true
Vitia;Quogan;25;true
Dosi;Chisholm;25;true
Gaspard;Kearton;25;true
Conny;Gibbings;25;true
Katerine;Pardew;25;true
Derron;Canellas;25;true
Trudey;Pitsall;25;true
Matti;Male;25;true
Stanislaus;Capnerhurst;25;true
Rhodie;Eberle;25;true
Zabrina;Alanbrooke;25;true
Martie;Roger;25;true
Charo;Culcheth;25;true
Pate;Kilborn;25;true
Ruthann;Minchenton;25;true
Xerxes;Gymblett;25;true
Angeline;McGrey;25;true
Brander;Paireman;25;true
Albrecht;Minto;25;true
Sophie;Whittles;25;true
Meriel;Fronks;25;true
Doloritas;Derrington;25;true
Abey;Renackowna;25;true
Liana;Chinnick;25;true
Tommy;Toleman;25;true
Rozella;Bartholomieu;25;true
Kimmi;Gergely;25;true
Beatrisa;Blazej;25;true
Inger;Halesworth;25;true
Wheeler;Swainston;25;true
Calvin;MacAndreis;25;true
Gardiner;Giacomelli;25;true
Augustine;Likly;25;true
Carita;Stonhewer;25;true
Juan;Abate;25;true
Karmen;Clist;25;true
Ilyse;Nobriga;25;true
Ginger;Dannatt;25;true
Graig;Teasey;25;true
Michaeline;Cawdell;25;true
Kermit;Van De Cappelle;25;true
Tommy;Elderfield;25;true
Wynny;Sedman;25;true
Dita;Aldiss;25;true
Sid;Merwede;25;true
Claudina;Brocking;25;true
Freddie;Duquesnay;25;true
Codi;Goodinson;25;true
Abeu;Bourbon;25;true
Virginie;Hawkswood;25;true
Fina;Simonson;25;true
Jolynn;Wallwork;25;true
Jacklyn;Inkpen;25;true
Willabella;Larmor;25;true
Nance;Dewick;25;true
Piggy;Hemphill;25;true
Becca;Hullah;25;true
Elene;Gregorio;25;true
Rae;Izakof;25;true
Dunn;Corderoy;25;true
Meyer;Dufaur;25;true
Ardisj;Carty;25;true
Eva;Bartos;25;true
Dix;Prynne;25;true
Salem;Oaks;25;true
Darill;Fydo;25;true
Sandra;Khalid;25;true
Batholomew;Dommersen;25;true
Victor;Passo;25;true
Klement;Denty;25;true
Kyle;Axtens;25;true
Gena;Brevetor;25;true
Novelia;Connichie;25;true
Morena;Allam;25;true
Toinette;Rendle;25;true
Sophi;A'field;25;true
Janek;Marquiss;25;true
Nikolaus;Mease;25;true
Jamima;Paulou;25;true
Irwinn;Divell;25;true
Ralina;Fullilove;25;true
Leshia;Roberti;25;true
Bell;Kornel;25;true
Valli;Strang;25;true
Norene;Staresmeare;25;true
Quentin;Daltrey;25;true
Fraser;Becconsall;25;true
Farlay;Tyndall;25;true
Lockwood;Ellph;25;true
Ivonne;Smitham;25;true
Janeczka;Janz;25;true
Sydney;Zieme;25;true
Raddy;Rosario;25;true
Emma;McCrudden;25;true
Gelya;Soulsby;25;true
Nancy;Habens;25;true
Erich;Hamflett;25;true
Gilburt;Englefield;25;true
Tod;Radleigh;25;true
Herman;Martine;25;true
Stephine;Cattermoul;25;true
Eldin;Freen;25;true
Jarret;Mayward;25;true
Winne;Causbey;25;true
Jammal;Philipard;25;true
Cary;Elbourne;25;true
Nessie;Morffew;25;true
Peria;Giorio;25;true
Graham;O'Lagen;25;true
Reilly;Tuting;25;true
Viva;Simonson;25;true
Verge;Mansbridge;25;true
Emlyn;Abraham;25;true
Mackenzie;Strelitz;25;true
Geneva;Greatbatch;25;true
Hadley;Valerio;25;true
Blythe;Bruin;25;true
Kristina;Cirlos;25;true
Seana;Viste;25;true
Stacia;Hallett;25;true
Orelia;Menichini;25;true
Vail;Skellington;25;true
Ellen;Gerauld;25;true
Antonietta;Ivanuschka;25;true
Quinn;Gwin;25;true
Lenka;Frampton;25;true
Esmeralda;Shotton;25;true
Romonda;Augar;25;true
Rodi;Kettlesing;25;true
Olivero;Castelot;25;true
Jacobo;Oade;25;true
Franny;Kubu;25;true
Patten;Hillam;25;true
Catlee;De Giovanni;25;true
Anica;O'Finan;25;true
Cleve;Durtnel;25;true
Kippar;Pottinger;25;true
Tibold;Ferriere;25;true
Heindrick;Viccary;25;true
Felecia;Goodwell;25;true
Tammy;Tinton;25;true
Cob;Shelliday;25;true
Ingmar;Pendleberry;25;true
Francis;Venable;25;true
Kally;Cuchey;25;true
Adrianna;Emlen;25;true
Parker;Firle;25;true
Amalle;Quilty;25;true
Elspeth;Coneybeer;25;true
Krystal;Skottle;25;true
Lauren;Jerrams;25;true
Charmain;Zellick;25;true
Kore;Tothacot;25;true
Carlota;Sidnell;25;true
Ronald;Duxbarry;25;true
Roderick;Symons;25;true
Rodd;Bernocchi;25;true
Aeriell;Phillip;25;true
Hal;Lortz;25;true
Jimmie;Poetz;25;true
Cass;Yeskov;25;true
Lanna;Conklin;25;true
Irving;Zecchi;25;true
Torey;Gearing;25;true
Debbi;Sheber;25;true
Blakeley;Domican;25;true
Florina;Willford;25;true
Dalenna;Colin;25;true
Nedi;Boyles;25;true
Hussein;Bleacher;25;true
Elisha;Meineking;25;true
Lyndsey;Leppingwell;25;true
Ester;Outridge;25;true
Lulu;Baysting;25;true
Joshua;Letixier;25;true
Aida;Frankema;25;true
Tedman;Furtado;25;true
Farleigh;Stone Fewings;25;true
Cecelia;Geockle;25;true
Theresita;Crockley;25;true
Arte;Talloe;25;true
Gillian;Alejandri;25;true
Yvor;Letford;25;true
Petra;Cankett;25;true
Link;Blancowe;25;true
Thorndike;Ezele;25;true
Darn;Smallthwaite;25;true
Wolfie;Abbey;25;true
Lonni;Vasiljevic;25;true
Wait;Van;25;true
Mavis;Gillies;25;true
Jerrine;Dawes;25;true
Deny;Reede;25;true
Peria;Matzke;25;true
Rudy;Georgins;25;true
Nerissa;Clemonts;25;true
Sybilla;Cadany;25;true
Nissy;Caldera;25;true
Linda;Sharnock;25;true
Tresa;Heineking;25;true
Linette;Wisniewski;25;true
Cherie;Bingle;25;true
Ariel;Marchant;25;true
Constantia;Wakelin;25;true
Duke;Burgett;25;true
Germaine;Claremont;25;true
Gwendolyn;St Louis;25;true
Jory;Romanet;25;true
Yelena;Espinay;25;true
Jerrome;Clavey;25;true
Gian;Peete;25;true
Alasdair;Damarell;25;true
Aleta;Eliff;25;true
Olly;Cosson;25;true
Waylen;Goodlake;25;true
Karita;Kneath;25;true
Carline;Capelow;25;true
Conway;Travers;25;true
Amalie;Breinlein;25;true
Aldis;Banbrook;25;true
Chas;Shacklady;25;true
Harlen;Grennan;25;true
Jerrie;Dallicott;25;true
Feliza;Mulrenan;25;true
Averil;Sallings;25;true
Kaila;Proppers;25;true
Jeni;Yarr;25;true
Rickert;Maffiotti;25;true
Stavros;Wabb;25;true
Kara-lynn;Shinn;25;true
Barnebas;Kynastone;25;true
Homerus;Fintoph;25;true
Carroll;Palffrey;25;true
Donavon;Attenbarrow;25;true
Peterus;Fursse;25;true
Fay;Blanchard;25;true
Carlee;Bulcock;25;true
Mirabella;Goldsbury;25;true
Eddie;O'Dowgaine;25;true
Way;Fishwick;25;true
Eunice;Hawes;25;true
Phedra;Grahlman;25;true
Yulma;Ikins;25;true
Virginia;Eckersley;25;true
Raine;Semiras;25;true
Dew;O'Glessane;25;true
Yance;Card;25;true
Garik;MacRanald;25;true
Jaclin;Whatson;25;true
Drusilla;Burbank;25;true
Samantha;Haborn;25;true
Judas;Pawelek;25;true
Darwin;Passion;25;true
Jaquelin;Westgarth;25;true
Cris;Allward;25;true
Inessa;Isaac;25;true
Quinn;Chaundy;25;true
Freeland;Little;25;true
Jervis;Comins;25;true
Harald;Stedall;25;true
Hammad;Jessep;25;true
Josie;Garrioch;25;true
Rosamond;Laddle;25;true
Greta;Rickson;25;true
Nigel;Hendriks;25;true
Clerkclaude;McKellen;25;true
Ariel;Marland;25;true
Dode;Crain;25;true
Corabella;Idell;25;true
Gray;Medina;25;true
Maurene;Callaway;25;true
Berthe;Mauger;25;true
Gale;Hendrick;25;true
Alisha;Bury;25;true
Barbi;Bolens;25;true
Codee;Blinman;25;true
Roz;Mustoo;25;true
Franklin;Heaton;25;true
Richy;Fairbourn;25;true
Cordi;Potapczuk;25;true
Robbi;Lovatt;25;true
Darrel;Brecknock;25;true
Lydia;Spellacey;25;true
Sosanna;Ramsbottom;25;true
Willi;Scopham;25;true
Rivi;Mapledoore;25;true
Baron;Handrahan;25;true
Gardner;Ondrasek;25;true
Clywd;Shirt;25;true
Wendye;Crannell;25;true
Tripp;Isenor;25;true
Isabella;Bly;25;true
Phineas;Rappport;25;true
Upton;Mitchener;25;true
Jerrie;Gecke;25;true
Ker;Measom;25;true
Parke;Salzen;25;true
Kennie;D'Costa;25;true
Burtie;Titchard;25;true
Zorine;Tremellan;25;true
Bax;Twittey;25;true
Orrin;Knowles;25;true
Travus;Argrave;25;true
Mariana;Duly;25;true
Tuck;Chislett;25;true
Anthea;Hufton;25;true
Ame;Carnoghan;25;true
Lida;Reynalds;25;true
Jaquelin;Doles;25;true
Skippy;Sherwen;25;true
Lynn;Fardoe;25;true
Gayleen;Stollmeyer;25;true
Izabel;Standbrook;25;true
Nanon;Baskeyfield;25;true
Adams;de Najera;25;true
Gregorio;Crilley;25;true
Genevieve;Sanham;25;true
Tammara;Andre;25;true
Ethan;Dundin;25;true
Rodie;Lidgerton;25;true
Kat;Lewty;25;true
Meghann;Lumbley;25;true
Dasi;Baggott;25;true
Galvin;Bredbury;25;true
Theodosia;Antonescu;25;true
Dalt;Zamudio;25;true
Abbye;Brimson;25;true
Burg;Rennison;25;true
Caroljean;Shorbrook;25;true
Jacqueline;Nast;25;true
Cammy;Charlotte;25;true
Delmer;Powe;25;true
Jessie;Morcom;25;true
Cthrine;Gowen;25;true
Randy;Payze;25;true
Cesar;Capeloff;25;true
Ivie;Ganderton;25;true
Blaire;Cow;25;true
Gussy;Sooper;25;true
Roanna;Shadfourth;25;true
Heinrick;Crisford;25;true
Penny;Sumpner;25;true
Coletta;Gummow;25;true
Hymie;Scriver;25;true
Evelyn;Asher;25;true
Cassaundra;Mockford;25;true
Diannne;Crepel;25;true
Zechariah;Dowgill;25;true
Myra;Edlestone;25;true
Griffy;Martins;25;true
Renato;Tideswell;25;true
Brook;Biddulph;25;true
Barnebas;Tebbit;25;true
Tisha;Harome;25;true
Aline;McKimm;25;true
Brandea;Matzeitis;25;true
Delaney;Crinidge;25;true
Janelle;Marten;25;true
Joby;Adame;25;true
Duky;Balthasar;25;true
Val;Godwyn;25;true
Joan;Salisbury;25;true
Harley;Slowly;25;true
Ginny;Torrecilla;25;true
Erich;Brunsen;25;true
Amandy;Grewes;25;true
Caryl;Kimbly;25;true
Benedetto;Restill;25;true
Margret;Patrickson;25;true
Albertina;Wrey;25;true
Vernon;Bohey;25;true
Daniele;Cotilard;25;true
Natalina;Poundsford;25;true
Karina;Havoc;25;true
Rodrick;Eggar;25;true
Clemens;Lyddy;25;true
Rosanne;Storms;25;true
Selinda;Spiring;25;true
Ainslie;Swannick;25;true
Araldo;Kollaschek;25;true
Shandeigh;Drewett;25;true
Nathanil;Newdick;25;true
Anselma;Viegas;25;true
Meriel;Bowick;25;true
Shandee;Belton;25;true
Jerrie;Pimerick;25;true
Clerc;Bony;25;true
Wendel;Kingsmill;25;true
Malia;Gladdolph;25;true
Cristal;Antonoyev;25;true
Guthrie;Khilkov;25;true
Darrel;MacAlister;25;true
Kimmy;Ingarfill;25;true
Guglielma;Siene;25;true
Lenci;Junifer;25;true
Adrea;Cluderay;25;true
Harriot;Gush;25;true
Keenan;Fripp;25;true
Kenon;Nuccitelli;25;true
Pauletta;Matusovsky;25;true
Elvin;Haryngton;25;true
Maressa;Pulham;25;true
Ange;Champneys;25;true
Elnar;Blaszczyk;25;true
Alma;Klaaasen;25;true
Granville;Seebert;25;true
Ulysses;Jeanet;25;true
Lyssa;Haskins;25;true
Clement;Endrizzi;25;true
Sonnie;Cockling;25;true
Hogan;McGarrie;25;true
Gaylor;Ornells;25;true
Wheeler;McAulay;25;true
Mallissa;McGeachey;25;true
Desdemona;Corness;25;true
Garrard;McIlroy;25;true
Dillon;Amps;25;true
Alisander;Coultass;25;true
Natty;Nolan;25;true
Lindsey;Taill;25;true
Jess;Lambrecht;25;true
Ileana;Rendall;25;true
Godwin;Cross;25;true
Vikki;Sayre;25;true
Jason;Girardoni;25;true
Mariana;Pollock;25;true
Lorrie;Tomasik;25;true
Amble;Golda;25;true
Jerry;Greggersen;25;true
Gwyn;Mackin;25;true
Otto;Crosham;25;true
Stephine;Officer;25;true
Mason;Hulcoop;25;true
Daryl;Hargate;25;true
Monty;Reynault;25;true
Adrianne;Grievson;25;true
Lorette;Hann;25;true
Jules;MacCroary;25;true
Brittany;Ellings;25;true
Leela;Brough;25;true
Ervin;Giaomozzo;25;true
Cornie;Bawme;25;true
Rowland;Lougheed;25;true
Emilio;Mallan;25;true
Francklyn;Coldrick;25;true
Rickey;Daverin;25;true
Rhodie;Sweed;25;true
Selle;Chiommienti;25;true
Amaleta;Tallent;25;true
Clarita;Marking;25;true
Stanleigh;Aizic;25;true
Randy;Anthon;25;true
Edy;Brennon;25;true
Ingaborg;McKerlie;25;true
Byran;Woolvin;25;true
Scarlet;Scourgie;25;true
Regan;Behling;25;true
Evita;Novill;25;true
Hynda;Trevino;25;true
Bernardina;Painter;25;true
Pebrook;Sieur;25;true
Illa;Crimes;25;true
Othilie;Legg;25;true
Conchita;Ramard;25;true
Mallorie;Currum;25;true
Germain;Felten;25;true
Emelia;Lexa;25;true
Sile;Vargas;25;true
Joanie;Petford;25;true
Ilyse;Badini;25;true
Freda;Izard;25;true
Lydia;Treslove;25;true
Ediva;Naptine;25;true
Jude;Batterson;25;true
Valeda;Higgonet;25;true
Felisha;Wentworth;25;true
Chrissie;Winsley;25;true
Ferdinanda;Pentycross;25;true
Ximenes;Dootson;25;true
Zonnya;Coward;25;true
Retha;Gadault;25;true
Georgena;Dyet;25;true
Dal;Sargood;25;true
Haleigh;Panting;25;true
Upton;Boolsen;25;true
Edi;Esby;25;true
Jacinda;Garthland;25;true
Janette;Magwood;25;true
Jess;Ansell;25;true
Lark;Perrett;25;true
Antonius;Connor;25;true
Francesco;Frood;25;true
Maitilde;Simmgen;25;true
Shurwood;Pitman;25;true
Helge;Elvidge;25;true
Melosa;Davy;25;true
Angie;Leil;25;true
Conroy;Elacoate;25;true
Camella;Ruperti;25;true
Filberto;Hazelgreave;25;true
Twila;Dempsey;25;true
Emilee;Paviour;25;true
Cherey;Lefley;25;true
Etienne;Bass;25;true
Robbie;Youll;25;true
Kare;Pountney;25;true
Blaine;Mantha;25;true
Beatrice;Woodrup;25;true
Deirdre;Klossmann;25;true
Reginauld;Bence;25;true
Yolanda;Nand;25;true
Reyna;Sanney;25;true
Adriana;Barnbrook;25;true
Stinky;Seldon;25;true
Joline;Borer;25;true
Janna;Becerra;25;true
Tadeo;Le Barre;25;true
Jesselyn;Sango;25;true
Oren;Alfonsetti;25;true
Minne;Cake;25;true
Elliot;Spadari;25;true
Enriqueta;Wheeler;25;true
Parrnell;Byer;25;true
Sidonia;Quinevan;25;true
Letitia;Hudleston;25;true
Melisa;Hefforde;25;true
Kayne;Clipsham;25;true
Agnese;Klyn;25;true
Edythe;Attree;25;true
Corabel;Standfield;25;true
Kristien;Brennan;25;true
Candis;Rosenstein;25;true
Nadine;Haws;25;true
Ursala;Binnion;25;true
Cybill;Heaker;25;true
Monroe;Diplock;25;true
Carree;Benterman;25;true
Nanci;Jonke;25;true
Mort;Curnnok;25;true
Edgar;Kisar;25;true
Reid;Baggiani;25;true
Sissie;Mayor;25;true
Erroll;Hamblin;25;true
Minda;Eddisford;25;true
Lettie;Abbitt;25;true
Baily;Bratley;25;true
Sayers;Bonus;25;true
Ellswerth;Woodbridge;25;false
Emelita;Crofthwaite;25;false
Coretta;Stichel;25;false
Anabelle;Luxon;25;false
Teodora;Brecher;25;false
Dolph;Kuscha;25;false
Jillane;Children;25;false
Ailey;Cagan;25;false
Emmalynn;Orthmann;25;false
Prince;Dawkes;25;false
Karee;Bewshire;25;false
Karissa;Mortimer;25;false
Briant;Endacott;25;false
Lindsay;Belitz;25;false
Viva;Bladge;25;false
Vivyan;De Ruggero;25;false
Donnell;Beddon;25;false
Brandise;Sutterby;25;false
Marlene;Mapplethorpe;25;false
Rolf;Grishankov;25;false
Annecorinne;Murrie;25;false
Brigg;Disbury;25;false
Arvie;Oppy;25;false
Leanna;Anthill;25;false
Bettye;Wetter;25;false
Retha;Chettle;25;false
Balduin;Caze;25;false
Vidovic;Josham;25;false
Neely;Falloon;25;false
Malvin;Dell Casa;25;false
Fanechka;Pawellek;25;false
Ichabod;Strainge;25;false
Gianina;Shilladay;25;false
Conrado;Smalcombe;25;false
Cherie;Eilhersen;25;false
Ulrika;Husband;25;false
Lanny;Lamborne;25;false
Chrysa;Fahrenbacher;25;false
Anselm;Collishaw;25;false
Rikki;Cranney;25;false
Jarrid;Schuster;25;false
Gretal;Layton;25;false
Glad;Janku;25;false
Germain;Feldbaum;25;false
Jefferson;Westnage;25;false
Eveline;Corhard;25;false
Rog;Jaquet;25;false
Mitchael;Tart;25;false
Pall;Adamowicz;25;false
Nan;Reimer;25;false
Boris;Deshon;25;false
Hedy;Gummie;25;false
Matilda;Keneford;25;false
Arleen;Tebald;25;false
Palm;Gilbeart;25;false
Shaw;Mudie;25;false
Dorian;Shankster;25;false
Ollie;Elvish;25;false
Carlie;Allonby;25;false
Ephrayim;Capps;25;false
Robbi;Crofts;25;false
Kathe;Cambden;25;false
Katya;Jerrems;25;false
Gillan;Postans;25;false
Sheff;Cham;25;false
Meredith;Boniface;25;false
Alameda;Beri;25;false
Grazia;Hinchcliffe;25;false
Dusty;Guisler;25;false
Teresita;Casserly;25;false
Roland;Merrisson;25;false
Shayne;Phillpot;25;false
Aland;Whettleton;25;false
Ardelle;Drinkel;25;false
Chiquia;Jerosch;25;false
Cyndi;Oleszczak;25;false
Trip;Brittles;25;false
Corri;Gatenby;25;false
Tadeo;Shoebridge;25;false
Hill;Johnson;25;false
Dilan;Roxbrough;25;false
Tod;Cars;25;false
Emelina;Labeuil;25;false
Aldus;Glazier;25;false
Anny;Brettor;25;false
Lucie;Sleight;25;false
Lonna;Bedle;25;false
Dedie;McComiskey;25;false
Anastasie;Diboll;25;false
Drud;Clemett;25;false
Joelly;Gilbert;25;false
Denice;Tant;25;false
Gabie;Quakley;25;false
Shela;Yoslowitz;25;false
Cally;Smoughton;25;false
Cobby;Eagles;25;false
Karna;Karpushkin;25;false
Katti;Btham;25;false
Morgan;Blachford;25;false
Ethan;Ransley;25;false
Sapphire;Mazzia;25;false
Delphine;Theodore;25;false
Nappie;Worham;25;false
Mufinella;Corah;25;false
Anneliese;Marquis;25;false
Helyn;Dantesia;25;false
Lesli;Incogna;25;false
Joby;Rounsefell;25;false
Manda;Gerrell;25;false
Lionello;Stockau;25;false
Bessy;Houson;25;false
Shaw;Loraine;25;false
Letti;O'Rourke;25;false
Lindsey;Bille;25;false
Eleni;Renals;25;false
Ninetta;Demead;25;false
Ede;Entres;25;false
Webb;Hasty;25;false
Everett;Maundrell;25;false
Brigitta;Ruthen;25;false
Meggie;Clericoates;25;false
Mano;Rentz;25;false
Marrilee;Hearnaman;25;false
Catharina;Govern;25;false
Fleur;Castangia;25;false
Jandy;Ruler;25;false
Jermaine;Giffon;25;false
Valli;Hixson;25;false
Godart;Gander;25;false
Kenna;Cabrera;25;false
Kandy;Folke;25;false
Ahmad;Perot;25;false
Candie;Powlett;25;false
Pren;Kellick;25;false
Had;Fredi;25;false
Amalea;Blow;25;false
Elsinore;Rupke;25;false
Jami;Bohin;25;false
Pearce;Tyhurst;25;false
Ellery;Cockell;25;false
Saba;Fetterplace;25;false
Theodosia;Trank;25;false
Zacharie;Ducroe;25;false
Rene;Nazaret;25;false
Chico;Fussen;25;false
Ailis;Port;25;false
Gibby;Bevens;25;false
Waverley;Brellin;25;false
Zuzana;Cawte;25;false
Nickey;Glasser;25;false
Kessiah;Ogle;25;false
